ADM001,admin,Administrator,admin@school.edu,admin
STU001,john_doe,John Doe,john@school.edu,student
STU002,jane_smith,Jane Smith,jane@school.edu,student
STU003,mike_jones,Mike Jones,mike@school.edu,student
STU004,sarah_wilson,Sarah Wilson,sarah@school.edu,student
STU005,david_brown,David Brown,david@school.edu,student1122,loki,lokesh,loki@gmail.com,student
